runda,ruch,remaining_lives,is_game_over,score,collected_points
0,0,False,0,"{'point': 0, 'energizer': 0}"
0,0,False,10,"{'point': 1, 'energizer': 0}"
0,1,False,20,"{'point': 2, 'energizer': 0}"
0,2,False,30,"{'point': 3, 'energizer': 0}"
0,3,False,30,"{'point': 3, 'energizer': 0}"
0,4,False,40,"{'point': 4, 'energizer': 0}"
0,5,False,50,"{'point': 5, 'energizer': 0}"
0,6,False,60,"{'point': 6, 'energizer': 0}"
0,7,False,60,"{'point': 6, 'energizer': 0}"
0,8,False,60,"{'point': 6, 'energizer': 0}"
0,9,False,70,"{'point': 7, 'energizer': 0}"
0,10,False,70,"{'point': 7, 'energizer': 0}"
0,11,False,70,"{'point': 7, 'energizer': 0}"
0,12,False,70,"{'point': 7, 'energizer': 0}"
0,13,False,70,"{'point': 7, 'energizer': 0}"
0,14,False,70,"{'point': 7, 'energizer': 0}"
0,15,False,70,"{'point': 7, 'energizer': 0}"
0,16,False,70,"{'point': 7, 'energizer': 0}"
0,17,False,70,"{'point': 7, 'energizer': 0}"
0,18,False,70,"{'point': 7, 'energizer': 0}"
0,19,False,80,"{'point': 8, 'energizer': 0}"
0,20,False,90,"{'point': 9, 'energizer': 0}"
0,21,False,100,"{'point': 10, 'energizer': 0}"
0,22,False,100,"{'point': 10, 'energizer': 0}"
0,23,False,100,"{'point': 10, 'energizer': 0}"
0,24,False,110,"{'point': 11, 'energizer': 0}"
0,25,False,120,"{'point': 12, 'energizer': 0}"
0,26,False,130,"{'point': 13, 'energizer': 0}"
0,27,False,130,"{'point': 13, 'energizer': 0}"
0,28,False,130,"{'point': 13, 'energizer': 0}"
0,29,False,130,"{'point': 13, 'energizer': 0}"
0,30,False,130,"{'point': 13, 'energizer': 0}"
0,31,False,130,"{'point': 13, 'energizer': 0}"
0,32,False,130,"{'point': 13, 'energizer': 0}"
0,33,False,130,"{'point': 13, 'energizer': 0}"
0,34,False,130,"{'point': 13, 'energizer': 0}"
0,35,False,130,"{'point': 13, 'energizer': 0}"
0,36,False,130,"{'point': 13, 'energizer': 0}"
0,37,False,130,"{'point': 13, 'energizer': 0}"
0,38,False,130,"{'point': 13, 'energizer': 0}"
0,39,False,130,"{'point': 13, 'energizer': 0}"
0,40,False,130,"{'point': 13, 'energizer': 0}"
0,41,False,130,"{'point': 13, 'energizer': 0}"
0,42,False,130,"{'point': 13, 'energizer': 0}"
0,43,False,130,"{'point': 13, 'energizer': 0}"
0,44,False,130,"{'point': 13, 'energizer': 0}"
0,45,False,130,"{'point': 13, 'energizer': 0}"
0,46,False,130,"{'point': 13, 'energizer': 0}"
0,47,False,130,"{'point': 13, 'energizer': 0}"
0,48,False,130,"{'point': 13, 'energizer': 0}"
0,49,False,130,"{'point': 13, 'energizer': 0}"
0,50,False,130,"{'point': 13, 'energizer': 0}"
0,51,True,-370,"{'point': 13, 'energizer': 0}"
1,0,False,0,"{'point': 0, 'energizer': 0}"
1,0,False,10,"{'point': 1, 'energizer': 0}"
1,1,False,20,"{'point': 2, 'energizer': 0}"
1,2,False,30,"{'point': 3, 'energizer': 0}"
1,3,False,30,"{'point': 3, 'energizer': 0}"
1,4,False,30,"{'point': 3, 'energizer': 0}"
1,5,False,40,"{'point': 4, 'energizer': 0}"
1,6,False,50,"{'point': 5, 'energizer': 0}"
1,7,False,60,"{'point': 6, 'energizer': 0}"
1,8,False,70,"{'point': 7, 'energizer': 0}"
1,9,False,80,"{'point': 8, 'energizer': 0}"
1,10,False,90,"{'point': 9, 'energizer': 0}"
1,11,False,100,"{'point': 10, 'energizer': 0}"
1,12,False,100,"{'point': 10, 'energizer': 0}"
1,13,False,100,"{'point': 10, 'energizer': 0}"
1,14,False,110,"{'point': 11, 'energizer': 0}"
1,15,False,120,"{'point': 12, 'energizer': 0}"
1,16,False,130,"{'point': 13, 'energizer': 0}"
1,17,False,140,"{'point': 14, 'energizer': 0}"
1,18,False,150,"{'point': 15, 'energizer': 0}"
1,19,False,160,"{'point': 16, 'energizer': 0}"
1,20,False,170,"{'point': 17, 'energizer': 0}"
1,21,False,180,"{'point': 18, 'energizer': 0}"
1,22,True,-310,"{'point': 19, 'energizer': 0}"
2,0,False,0,"{'point': 0, 'energizer': 0}"
2,0,False,10,"{'point': 1, 'energizer': 0}"
2,1,False,20,"{'point': 2, 'energizer': 0}"
2,2,False,30,"{'point': 3, 'energizer': 0}"
2,3,False,30,"{'point': 3, 'energizer': 0}"
2,4,False,30,"{'point': 3, 'energizer': 0}"
2,5,False,30,"{'point': 3, 'energizer': 0}"
2,6,False,40,"{'point': 4, 'energizer': 0}"
2,7,False,50,"{'point': 5, 'energizer': 0}"
2,8,False,60,"{'point': 6, 'energizer': 0}"
2,9,False,60,"{'point': 6, 'energizer': 0}"
2,10,False,70,"{'point': 7, 'energizer': 0}"
2,11,False,80,"{'point': 8, 'energizer': 0}"
2,12,False,90,"{'point': 9, 'energizer': 0}"
2,13,False,100,"{'point': 10, 'energizer': 0}"
2,14,False,110,"{'point': 11, 'energizer': 0}"
2,15,False,120,"{'point': 12, 'energizer': 0}"
2,16,False,130,"{'point': 13, 'energizer': 0}"
2,17,False,140,"{'point': 14, 'energizer': 0}"
2,18,False,150,"{'point': 15, 'energizer': 0}"
2,19,False,160,"{'point': 16, 'energizer': 0}"
2,20,False,170,"{'point': 17, 'energizer': 0}"
2,21,False,180,"{'point': 18, 'energizer': 0}"
2,22,False,190,"{'point': 19, 'energizer': 0}"
2,23,False,200,"{'point': 20, 'energizer': 0}"
2,24,False,210,"{'point': 21, 'energizer': 0}"
2,25,False,220,"{'point': 22, 'energizer': 0}"
2,26,False,220,"{'point': 22, 'energizer': 0}"
2,27,False,220,"{'point': 22, 'energizer': 0}"
2,28,False,220,"{'point': 22, 'energizer': 0}"
2,29,False,220,"{'point': 22, 'energizer': 0}"
2,30,False,230,"{'point': 23, 'energizer': 0}"
2,31,False,230,"{'point': 23, 'energizer': 0}"
2,32,False,230,"{'point': 23, 'energizer': 0}"
2,33,False,230,"{'point': 23, 'energizer': 0}"
2,34,False,230,"{'point': 23, 'energizer': 0}"
2,35,False,240,"{'point': 24, 'energizer': 0}"
2,36,False,250,"{'point': 25, 'energizer': 0}"
2,37,False,250,"{'point': 25, 'energizer': 0}"
2,38,False,250,"{'point': 25, 'energizer': 0}"
2,39,False,250,"{'point': 25, 'energizer': 0}"
2,40,False,250,"{'point': 25, 'energizer': 0}"
2,41,False,260,"{'point': 26, 'energizer': 0}"
2,42,False,260,"{'point': 26, 'energizer': 0}"
2,43,False,260,"{'point': 26, 'energizer': 0}"
2,44,False,260,"{'point': 26, 'energizer': 0}"
2,45,False,260,"{'point': 26, 'energizer': 0}"
2,46,False,260,"{'point': 26, 'energizer': 0}"
2,47,False,260,"{'point': 26, 'energizer': 0}"
2,48,False,260,"{'point': 26, 'energizer': 0}"
2,49,False,260,"{'point': 26, 'energizer': 0}"
2,50,False,260,"{'point': 26, 'energizer': 0}"
2,51,False,260,"{'point': 26, 'energizer': 0}"
2,52,True,-240,"{'point': 26, 'energizer': 0}"
3,0,False,0,"{'point': 0, 'energizer': 0}"
3,0,False,10,"{'point': 1, 'energizer': 0}"
3,1,False,20,"{'point': 2, 'energizer': 0}"
3,2,False,30,"{'point': 3, 'energizer': 0}"
3,3,False,40,"{'point': 4, 'energizer': 0}"
3,4,False,50,"{'point': 5, 'energizer': 0}"
3,5,False,60,"{'point': 6, 'energizer': 0}"
3,6,False,60,"{'point': 6, 'energizer': 0}"
3,7,False,70,"{'point': 7, 'energizer': 0}"
3,8,False,80,"{'point': 8, 'energizer': 0}"
3,9,False,90,"{'point': 9, 'energizer': 0}"
3,10,False,100,"{'point': 10, 'energizer': 0}"
3,11,False,100,"{'point': 10, 'energizer': 0}"
3,12,False,110,"{'point': 11, 'energizer': 0}"
3,13,False,110,"{'point': 11, 'energizer': 0}"
3,14,False,120,"{'point': 12, 'energizer': 0}"
3,15,False,130,"{'point': 13, 'energizer': 0}"
3,16,False,140,"{'point': 14, 'energizer': 0}"
3,17,False,150,"{'point': 15, 'energizer': 0}"
3,18,False,160,"{'point': 16, 'energizer': 0}"
3,19,False,170,"{'point': 17, 'energizer': 0}"
3,20,False,180,"{'point': 18, 'energizer': 0}"
3,21,False,180,"{'point': 18, 'energizer': 0}"
3,22,False,180,"{'point': 18, 'energizer': 0}"
3,23,False,190,"{'point': 19, 'energizer': 0}"
3,24,False,200,"{'point': 20, 'energizer': 0}"
3,25,False,210,"{'point': 21, 'energizer': 0}"
3,26,False,220,"{'point': 22, 'energizer': 0}"
3,27,False,230,"{'point': 23, 'energizer': 0}"
3,28,False,240,"{'point': 24, 'energizer': 0}"
3,29,False,250,"{'point': 25, 'energizer': 0}"
3,30,False,260,"{'point': 26, 'energizer': 0}"
3,31,False,260,"{'point': 26, 'energizer': 0}"
3,32,False,260,"{'point': 26, 'energizer': 0}"
3,33,False,260,"{'point': 26, 'energizer': 0}"
3,34,False,260,"{'point': 26, 'energizer': 0}"
3,35,False,260,"{'point': 26, 'energizer': 0}"
3,36,False,260,"{'point': 26, 'energizer': 0}"
3,37,False,260,"{'point': 26, 'energizer': 0}"
3,38,False,260,"{'point': 26, 'energizer': 0}"
3,39,False,270,"{'point': 27, 'energizer': 0}"
3,40,False,270,"{'point': 27, 'energizer': 0}"
3,41,False,280,"{'point': 28, 'energizer': 0}"
3,42,False,330,"{'point': 28, 'energizer': 1}"
3,43,False,340,"{'point': 29, 'energizer': 1}"
3,44,False,340,"{'point': 29, 'energizer': 1}"
3,45,False,350,"{'point': 30, 'energizer': 1}"
3,46,False,360,"{'point': 31, 'energizer': 1}"
3,47,False,370,"{'point': 32, 'energizer': 1}"
3,48,False,370,"{'point': 32, 'energizer': 1}"
3,49,False,370,"{'point': 32, 'energizer': 1}"
3,50,False,370,"{'point': 32, 'energizer': 1}"
3,51,False,370,"{'point': 32, 'energizer': 1}"
3,52,False,370,"{'point': 32, 'energizer': 1}"
3,53,False,370,"{'point': 32, 'energizer': 1}"
3,54,False,370,"{'point': 32, 'energizer': 1}"
3,55,False,370,"{'point': 32, 'energizer': 1}"
3,56,False,370,"{'point': 32, 'energizer': 1}"
3,57,False,480,"{'point': 33, 'energizer': 1}"
3,58,False,490,"{'point': 34, 'energizer': 1}"
3,59,False,500,"{'point': 35, 'energizer': 1}"
3,60,False,510,"{'point': 36, 'energizer': 1}"
3,61,False,520,"{'point': 37, 'energizer': 1}"
3,62,False,530,"{'point': 38, 'energizer': 1}"
3,63,False,540,"{'point': 39, 'energizer': 1}"
3,64,False,550,"{'point': 40, 'energizer': 1}"
3,65,False,560,"{'point': 41, 'energizer': 1}"
3,66,False,570,"{'point': 42, 'energizer': 1}"
3,67,False,580,"{'point': 43, 'energizer': 1}"
3,68,False,580,"{'point': 43, 'energizer': 1}"
3,69,False,580,"{'point': 43, 'energizer': 1}"
3,70,False,590,"{'point': 44, 'energizer': 1}"
3,71,False,590,"{'point': 44, 'energizer': 1}"
3,72,True,90,"{'point': 44, 'energizer': 1}"
4,0,False,0,"{'point': 0, 'energizer': 0}"
4,0,False,10,"{'point': 1, 'energizer': 0}"
4,1,False,20,"{'point': 2, 'energizer': 0}"
4,2,False,30,"{'point': 3, 'energizer': 0}"
4,3,False,30,"{'point': 3, 'energizer': 0}"
4,4,False,30,"{'point': 3, 'energizer': 0}"
4,5,False,30,"{'point': 3, 'energizer': 0}"
4,6,False,30,"{'point': 3, 'energizer': 0}"
4,7,False,30,"{'point': 3, 'energizer': 0}"
4,8,False,40,"{'point': 4, 'energizer': 0}"
4,9,False,50,"{'point': 5, 'energizer': 0}"
4,10,False,60,"{'point': 6, 'energizer': 0}"
4,11,False,70,"{'point': 7, 'energizer': 0}"
4,12,False,70,"{'point': 7, 'energizer': 0}"
4,13,False,70,"{'point': 7, 'energizer': 0}"
4,14,False,70,"{'point': 7, 'energizer': 0}"
4,15,False,80,"{'point': 8, 'energizer': 0}"
4,16,False,90,"{'point': 9, 'energizer': 0}"
4,17,False,100,"{'point': 10, 'energizer': 0}"
4,18,False,110,"{'point': 11, 'energizer': 0}"
4,19,False,120,"{'point': 12, 'energizer': 0}"
4,20,False,130,"{'point': 13, 'energizer': 0}"
4,21,False,140,"{'point': 14, 'energizer': 0}"
4,22,False,150,"{'point': 15, 'energizer': 0}"
4,23,False,160,"{'point': 16, 'energizer': 0}"
4,24,False,170,"{'point': 17, 'energizer': 0}"
4,25,False,180,"{'point': 18, 'energizer': 0}"
4,26,False,180,"{'point': 18, 'energizer': 0}"
4,27,False,190,"{'point': 19, 'energizer': 0}"
4,28,False,190,"{'point': 19, 'energizer': 0}"
4,29,False,200,"{'point': 20, 'energizer': 0}"
4,30,False,210,"{'point': 21, 'energizer': 0}"
4,31,False,220,"{'point': 22, 'energizer': 0}"
4,32,False,230,"{'point': 23, 'energizer': 0}"
4,33,False,230,"{'point': 23, 'energizer': 0}"
4,34,False,240,"{'point': 24, 'energizer': 0}"
4,35,False,250,"{'point': 25, 'energizer': 0}"
4,36,False,260,"{'point': 26, 'energizer': 0}"
4,37,False,270,"{'point': 27, 'energizer': 0}"
4,38,False,270,"{'point': 27, 'energizer': 0}"
4,39,False,280,"{'point': 28, 'energizer': 0}"
4,40,False,290,"{'point': 29, 'energizer': 0}"
4,41,False,300,"{'point': 30, 'energizer': 0}"
4,42,False,310,"{'point': 31, 'energizer': 0}"
4,43,False,320,"{'point': 32, 'energizer': 0}"
4,44,False,330,"{'point': 33, 'energizer': 0}"
4,45,False,340,"{'point': 34, 'energizer': 0}"
4,46,False,340,"{'point': 34, 'energizer': 0}"
4,47,False,340,"{'point': 34, 'energizer': 0}"
4,48,False,340,"{'point': 34, 'energizer': 0}"
4,49,False,340,"{'point': 34, 'energizer': 0}"
4,50,False,340,"{'point': 34, 'energizer': 0}"
4,51,True,-160,"{'point': 34, 'energizer': 0}"
5,0,False,0,"{'point': 0, 'energizer': 0}"
5,0,False,10,"{'point': 1, 'energizer': 0}"
5,1,False,20,"{'point': 2, 'energizer': 0}"
5,2,False,30,"{'point': 3, 'energizer': 0}"
5,3,False,40,"{'point': 4, 'energizer': 0}"
5,4,False,50,"{'point': 5, 'energizer': 0}"
5,5,False,50,"{'point': 5, 'energizer': 0}"
5,6,False,60,"{'point': 6, 'energizer': 0}"
5,7,False,60,"{'point': 6, 'energizer': 0}"
5,8,False,60,"{'point': 6, 'energizer': 0}"
5,9,False,60,"{'point': 6, 'energizer': 0}"
5,10,False,70,"{'point': 7, 'energizer': 0}"
5,11,False,80,"{'point': 8, 'energizer': 0}"
5,12,False,90,"{'point': 9, 'energizer': 0}"
5,13,False,100,"{'point': 10, 'energizer': 0}"
5,14,False,110,"{'point': 11, 'energizer': 0}"
5,15,False,120,"{'point': 12, 'energizer': 0}"
5,16,False,130,"{'point': 13, 'energizer': 0}"
5,17,False,130,"{'point': 13, 'energizer': 0}"
5,18,False,140,"{'point': 14, 'energizer': 0}"
5,19,False,150,"{'point': 15, 'energizer': 0}"
5,20,False,150,"{'point': 15, 'energizer': 0}"
5,21,False,160,"{'point': 16, 'energizer': 0}"
5,22,False,170,"{'point': 17, 'energizer': 0}"
5,23,False,180,"{'point': 18, 'energizer': 0}"
5,24,False,190,"{'point': 19, 'energizer': 0}"
5,25,False,200,"{'point': 20, 'energizer': 0}"
5,26,False,200,"{'point': 20, 'energizer': 0}"
5,27,True,-300,"{'point': 20, 'energizer': 0}"
6,0,False,0,"{'point': 0, 'energizer': 0}"
6,0,False,10,"{'point': 1, 'energizer': 0}"
6,1,False,20,"{'point': 2, 'energizer': 0}"
6,2,False,30,"{'point': 3, 'energizer': 0}"
6,3,False,30,"{'point': 3, 'energizer': 0}"
6,4,False,40,"{'point': 4, 'energizer': 0}"
6,5,False,50,"{'point': 5, 'energizer': 0}"
6,6,False,60,"{'point': 6, 'energizer': 0}"
6,7,False,70,"{'point': 7, 'energizer': 0}"
6,8,False,80,"{'point': 8, 'energizer': 0}"
6,9,False,80,"{'point': 8, 'energizer': 0}"
6,10,False,90,"{'point': 9, 'energizer': 0}"
6,11,False,100,"{'point': 10, 'energizer': 0}"
6,12,False,110,"{'point': 11, 'energizer': 0}"
6,13,False,120,"{'point': 12, 'energizer': 0}"
6,14,False,130,"{'point': 13, 'energizer': 0}"
6,15,False,140,"{'point': 14, 'energizer': 0}"
6,16,False,140,"{'point': 14, 'energizer': 0}"
6,17,False,150,"{'point': 15, 'energizer': 0}"
6,18,False,150,"{'point': 15, 'energizer': 0}"
6,19,False,150,"{'point': 15, 'energizer': 0}"
6,20,False,150,"{'point': 15, 'energizer': 0}"
6,21,False,150,"{'point': 15, 'energizer': 0}"
6,22,False,150,"{'point': 15, 'energizer': 0}"
6,23,False,150,"{'point': 15, 'energizer': 0}"
6,24,False,150,"{'point': 15, 'energizer': 0}"
6,25,False,150,"{'point': 15, 'energizer': 0}"
6,26,False,160,"{'point': 16, 'energizer': 0}"
6,27,False,170,"{'point': 17, 'energizer': 0}"
6,28,False,180,"{'point': 18, 'energizer': 0}"
6,29,False,190,"{'point': 19, 'energizer': 0}"
6,30,False,200,"{'point': 20, 'energizer': 0}"
6,31,False,200,"{'point': 20, 'energizer': 0}"
6,32,False,200,"{'point': 20, 'energizer': 0}"
6,33,False,210,"{'point': 21, 'energizer': 0}"
6,34,False,210,"{'point': 21, 'energizer': 0}"
6,35,False,220,"{'point': 22, 'energizer': 0}"
6,36,False,230,"{'point': 23, 'energizer': 0}"
6,37,False,240,"{'point': 24, 'energizer': 0}"
6,38,False,250,"{'point': 25, 'energizer': 0}"
6,39,False,250,"{'point': 25, 'energizer': 0}"
6,40,False,260,"{'point': 26, 'energizer': 0}"
6,41,False,270,"{'point': 27, 'energizer': 0}"
6,42,False,270,"{'point': 27, 'energizer': 0}"
6,43,False,280,"{'point': 28, 'energizer': 0}"
6,44,False,290,"{'point': 29, 'energizer': 0}"
6,45,False,300,"{'point': 30, 'energizer': 0}"
6,46,False,310,"{'point': 31, 'energizer': 0}"
6,47,False,310,"{'point': 31, 'energizer': 0}"
6,48,False,310,"{'point': 31, 'energizer': 0}"
6,49,False,310,"{'point': 31, 'energizer': 0}"
6,50,False,310,"{'point': 31, 'energizer': 0}"
6,51,False,310,"{'point': 31, 'energizer': 0}"
6,52,False,310,"{'point': 31, 'energizer': 0}"
6,53,True,-190,"{'point': 31, 'energizer': 0}"
7,0,False,0,"{'point': 0, 'energizer': 0}"
7,0,False,10,"{'point': 1, 'energizer': 0}"
7,1,False,10,"{'point': 1, 'energizer': 0}"
7,2,False,20,"{'point': 2, 'energizer': 0}"
7,3,False,30,"{'point': 3, 'energizer': 0}"
7,4,False,40,"{'point': 4, 'energizer': 0}"
7,5,False,50,"{'point': 5, 'energizer': 0}"
7,6,False,50,"{'point': 5, 'energizer': 0}"
7,7,False,60,"{'point': 6, 'energizer': 0}"
7,8,False,70,"{'point': 7, 'energizer': 0}"
7,9,False,80,"{'point': 8, 'energizer': 0}"
7,10,False,90,"{'point': 9, 'energizer': 0}"
7,11,False,90,"{'point': 9, 'energizer': 0}"
7,12,False,100,"{'point': 10, 'energizer': 0}"
7,13,False,100,"{'point': 10, 'energizer': 0}"
7,14,False,100,"{'point': 10, 'energizer': 0}"
7,15,False,110,"{'point': 11, 'energizer': 0}"
7,16,False,120,"{'point': 12, 'energizer': 0}"
7,17,False,120,"{'point': 12, 'energizer': 0}"
7,18,False,130,"{'point': 13, 'energizer': 0}"
7,19,False,140,"{'point': 14, 'energizer': 0}"
7,20,False,150,"{'point': 15, 'energizer': 0}"
7,21,False,160,"{'point': 16, 'energizer': 0}"
7,22,False,170,"{'point': 17, 'energizer': 0}"
7,23,False,180,"{'point': 18, 'energizer': 0}"
7,24,False,190,"{'point': 19, 'energizer': 0}"
7,25,False,190,"{'point': 19, 'energizer': 0}"
7,26,False,200,"{'point': 20, 'energizer': 0}"
7,27,False,210,"{'point': 21, 'energizer': 0}"
7,28,False,210,"{'point': 21, 'energizer': 0}"
7,29,False,210,"{'point': 21, 'energizer': 0}"
7,30,False,210,"{'point': 21, 'energizer': 0}"
7,31,False,210,"{'point': 21, 'energizer': 0}"
7,32,False,210,"{'point': 21, 'energizer': 0}"
7,33,False,220,"{'point': 22, 'energizer': 0}"
7,34,False,220,"{'point': 22, 'energizer': 0}"
7,35,False,230,"{'point': 23, 'energizer': 0}"
7,36,False,230,"{'point': 23, 'energizer': 0}"
7,37,False,230,"{'point': 23, 'energizer': 0}"
7,38,False,230,"{'point': 23, 'energizer': 0}"
7,39,False,230,"{'point': 23, 'energizer': 0}"
7,40,False,230,"{'point': 23, 'energizer': 0}"
7,41,False,230,"{'point': 23, 'energizer': 0}"
7,42,False,230,"{'point': 23, 'energizer': 0}"
7,43,False,230,"{'point': 23, 'energizer': 0}"
7,44,False,230,"{'point': 23, 'energizer': 0}"
7,45,False,230,"{'point': 23, 'energizer': 0}"
7,46,False,230,"{'point': 23, 'energizer': 0}"
7,47,False,230,"{'point': 23, 'energizer': 0}"
7,48,False,240,"{'point': 24, 'energizer': 0}"
7,49,False,250,"{'point': 25, 'energizer': 0}"
7,50,False,250,"{'point': 25, 'energizer': 0}"
7,51,False,250,"{'point': 25, 'energizer': 0}"
7,52,False,250,"{'point': 25, 'energizer': 0}"
7,53,True,-250,"{'point': 25, 'energizer': 0}"
8,0,False,0,"{'point': 0, 'energizer': 0}"
8,0,False,10,"{'point': 1, 'energizer': 0}"
8,1,False,20,"{'point': 2, 'energizer': 0}"
8,2,False,30,"{'point': 3, 'energizer': 0}"
8,3,False,30,"{'point': 3, 'energizer': 0}"
8,4,False,30,"{'point': 3, 'energizer': 0}"
8,5,False,30,"{'point': 3, 'energizer': 0}"
8,6,False,40,"{'point': 4, 'energizer': 0}"
8,7,False,50,"{'point': 5, 'energizer': 0}"
8,8,False,60,"{'point': 6, 'energizer': 0}"
8,9,False,70,"{'point': 7, 'energizer': 0}"
8,10,False,70,"{'point': 7, 'energizer': 0}"
8,11,False,70,"{'point': 7, 'energizer': 0}"
8,12,False,70,"{'point': 7, 'energizer': 0}"
8,13,False,70,"{'point': 7, 'energizer': 0}"
8,14,False,70,"{'point': 7, 'energizer': 0}"
8,15,False,70,"{'point': 7, 'energizer': 0}"
8,16,False,70,"{'point': 7, 'energizer': 0}"
8,17,False,70,"{'point': 7, 'energizer': 0}"
8,18,False,70,"{'point': 7, 'energizer': 0}"
8,19,False,70,"{'point': 7, 'energizer': 0}"
8,20,False,80,"{'point': 8, 'energizer': 0}"
8,21,False,90,"{'point': 9, 'energizer': 0}"
8,22,False,100,"{'point': 10, 'energizer': 0}"
8,23,False,100,"{'point': 10, 'energizer': 0}"
8,24,False,110,"{'point': 11, 'energizer': 0}"
8,25,False,120,"{'point': 12, 'energizer': 0}"
8,26,False,130,"{'point': 13, 'energizer': 0}"
8,27,False,130,"{'point': 13, 'energizer': 0}"
8,28,False,140,"{'point': 14, 'energizer': 0}"
8,29,False,150,"{'point': 15, 'energizer': 0}"
8,30,False,160,"{'point': 16, 'energizer': 0}"
8,31,False,160,"{'point': 16, 'energizer': 0}"
8,32,False,160,"{'point': 16, 'energizer': 0}"
8,33,False,160,"{'point': 16, 'energizer': 0}"
8,34,False,160,"{'point': 16, 'energizer': 0}"
8,35,False,160,"{'point': 16, 'energizer': 0}"
8,36,False,160,"{'point': 16, 'energizer': 0}"
8,37,False,160,"{'point': 16, 'energizer': 0}"
8,38,False,160,"{'point': 16, 'energizer': 0}"
8,39,False,160,"{'point': 16, 'energizer': 0}"
8,40,False,160,"{'point': 16, 'energizer': 0}"
8,41,False,160,"{'point': 16, 'energizer': 0}"
8,42,False,160,"{'point': 16, 'energizer': 0}"
8,43,False,170,"{'point': 17, 'energizer': 0}"
8,44,False,180,"{'point': 18, 'energizer': 0}"
8,45,False,190,"{'point': 19, 'energizer': 0}"
8,46,False,200,"{'point': 20, 'energizer': 0}"
8,47,False,210,"{'point': 21, 'energizer': 0}"
8,48,True,-290,"{'point': 21, 'energizer': 0}"
9,0,False,0,"{'point': 0, 'energizer': 0}"
9,0,False,10,"{'point': 1, 'energizer': 0}"
9,1,False,20,"{'point': 2, 'energizer': 0}"
9,2,False,30,"{'point': 3, 'energizer': 0}"
9,3,False,40,"{'point': 4, 'energizer': 0}"
9,4,False,50,"{'point': 5, 'energizer': 0}"
9,5,False,60,"{'point': 6, 'energizer': 0}"
9,6,False,70,"{'point': 7, 'energizer': 0}"
9,7,False,70,"{'point': 7, 'energizer': 0}"
9,8,False,70,"{'point': 7, 'energizer': 0}"
9,9,False,80,"{'point': 8, 'energizer': 0}"
9,10,False,90,"{'point': 9, 'energizer': 0}"
9,11,False,100,"{'point': 10, 'energizer': 0}"
9,12,False,110,"{'point': 11, 'energizer': 0}"
9,13,False,120,"{'point': 12, 'energizer': 0}"
9,14,False,130,"{'point': 13, 'energizer': 0}"
9,15,False,140,"{'point': 14, 'energizer': 0}"
9,16,False,140,"{'point': 14, 'energizer': 0}"
9,17,False,150,"{'point': 15, 'energizer': 0}"
9,18,False,150,"{'point': 15, 'energizer': 0}"
9,19,False,160,"{'point': 16, 'energizer': 0}"
9,20,False,170,"{'point': 17, 'energizer': 0}"
9,21,False,180,"{'point': 18, 'energizer': 0}"
9,22,False,190,"{'point': 19, 'energizer': 0}"
9,23,False,200,"{'point': 20, 'energizer': 0}"
9,24,False,210,"{'point': 21, 'energizer': 0}"
9,25,False,220,"{'point': 22, 'energizer': 0}"
9,26,False,230,"{'point': 23, 'energizer': 0}"
9,27,False,240,"{'point': 24, 'energizer': 0}"
9,28,False,250,"{'point': 25, 'energizer': 0}"
9,29,False,260,"{'point': 26, 'energizer': 0}"
9,30,False,310,"{'point': 26, 'energizer': 1}"
9,31,False,320,"{'point': 27, 'energizer': 1}"
9,32,False,320,"{'point': 27, 'energizer': 1}"
9,33,False,320,"{'point': 27, 'energizer': 1}"
9,34,False,320,"{'point': 27, 'energizer': 1}"
9,35,False,320,"{'point': 27, 'energizer': 1}"
9,36,False,320,"{'point': 27, 'energizer': 1}"
9,37,False,320,"{'point': 27, 'energizer': 1}"
9,38,False,320,"{'point': 27, 'energizer': 1}"
9,39,False,320,"{'point': 27, 'energizer': 1}"
9,40,False,320,"{'point': 27, 'energizer': 1}"
9,41,False,320,"{'point': 27, 'energizer': 1}"
9,42,False,320,"{'point': 27, 'energizer': 1}"
9,43,False,320,"{'point': 27, 'energizer': 1}"
9,44,False,320,"{'point': 27, 'energizer': 1}"
9,45,False,320,"{'point': 27, 'energizer': 1}"
9,46,False,330,"{'point': 28, 'energizer': 1}"
9,47,False,340,"{'point': 29, 'energizer': 1}"
9,48,False,350,"{'point': 30, 'energizer': 1}"
9,49,False,460,"{'point': 31, 'energizer': 1}"
9,50,False,470,"{'point': 32, 'energizer': 1}"
9,51,False,480,"{'point': 33, 'energizer': 1}"
9,52,False,480,"{'point': 33, 'energizer': 1}"
9,53,False,480,"{'point': 33, 'energizer': 1}"
9,54,False,490,"{'point': 34, 'energizer': 1}"
9,55,False,500,"{'point': 35, 'energizer': 1}"
9,56,False,500,"{'point': 35, 'energizer': 1}"
9,57,False,500,"{'point': 35, 'energizer': 1}"
9,58,False,510,"{'point': 36, 'energizer': 1}"
9,59,False,520,"{'point': 37, 'energizer': 1}"
9,60,False,530,"{'point': 38, 'energizer': 1}"
9,61,False,540,"{'point': 39, 'energizer': 1}"
9,62,False,540,"{'point': 39, 'energizer': 1}"
9,63,False,550,"{'point': 40, 'energizer': 1}"
9,64,False,550,"{'point': 40, 'energizer': 1}"
9,65,False,550,"{'point': 40, 'energizer': 1}"
9,66,True,60,"{'point': 41, 'energizer': 1}"
10,0,False,0,"{'point': 0, 'energizer': 0}"
10,0,False,10,"{'point': 1, 'energizer': 0}"
10,1,False,20,"{'point': 2, 'energizer': 0}"
10,2,False,30,"{'point': 3, 'energizer': 0}"
10,3,False,30,"{'point': 3, 'energizer': 0}"
10,4,False,40,"{'point': 4, 'energizer': 0}"
10,5,False,50,"{'point': 5, 'energizer': 0}"
10,6,False,60,"{'point': 6, 'energizer': 0}"
10,7,False,70,"{'point': 7, 'energizer': 0}"
10,8,False,80,"{'point': 8, 'energizer': 0}"
10,9,False,80,"{'point': 8, 'energizer': 0}"
10,10,False,90,"{'point': 9, 'energizer': 0}"
10,11,False,100,"{'point': 10, 'energizer': 0}"
10,12,False,110,"{'point': 11, 'energizer': 0}"
10,13,False,120,"{'point': 12, 'energizer': 0}"
10,14,False,130,"{'point': 13, 'energizer': 0}"
10,15,False,140,"{'point': 14, 'energizer': 0}"
10,16,False,150,"{'point': 15, 'energizer': 0}"
10,17,False,150,"{'point': 15, 'energizer': 0}"
10,18,False,150,"{'point': 15, 'energizer': 0}"
10,19,False,150,"{'point': 15, 'energizer': 0}"
10,20,False,150,"{'point': 15, 'energizer': 0}"
10,21,False,150,"{'point': 15, 'energizer': 0}"
10,22,False,150,"{'point': 15, 'energizer': 0}"
10,23,False,150,"{'point': 15, 'energizer': 0}"
10,24,False,150,"{'point': 15, 'energizer': 0}"
10,25,False,150,"{'point': 15, 'energizer': 0}"
10,26,False,160,"{'point': 16, 'energizer': 0}"
10,27,False,170,"{'point': 17, 'energizer': 0}"
10,28,False,180,"{'point': 18, 'energizer': 0}"
10,29,False,190,"{'point': 19, 'energizer': 0}"
10,30,False,200,"{'point': 20, 'energizer': 0}"
10,31,False,210,"{'point': 21, 'energizer': 0}"
10,32,False,220,"{'point': 22, 'energizer': 0}"
10,33,False,220,"{'point': 22, 'energizer': 0}"
10,34,False,230,"{'point': 23, 'energizer': 0}"
10,35,False,240,"{'point': 24, 'energizer': 0}"
10,36,False,240,"{'point': 24, 'energizer': 0}"
10,37,False,240,"{'point': 24, 'energizer': 0}"
10,38,False,240,"{'point': 24, 'energizer': 0}"
10,39,False,240,"{'point': 24, 'energizer': 0}"
10,40,False,240,"{'point': 24, 'energizer': 0}"
10,41,False,240,"{'point': 24, 'energizer': 0}"
10,42,False,240,"{'point': 24, 'energizer': 0}"
10,43,False,240,"{'point': 24, 'energizer': 0}"
10,44,False,240,"{'point': 24, 'energizer': 0}"
10,45,False,240,"{'point': 24, 'energizer': 0}"
10,46,False,250,"{'point': 25, 'energizer': 0}"
10,47,False,260,"{'point': 26, 'energizer': 0}"
10,48,False,270,"{'point': 27, 'energizer': 0}"
10,49,False,280,"{'point': 28, 'energizer': 0}"
10,50,False,280,"{'point': 28, 'energizer': 0}"
10,51,False,280,"{'point': 28, 'energizer': 0}"
10,52,False,280,"{'point': 28, 'energizer': 0}"
10,53,False,280,"{'point': 28, 'energizer': 0}"
10,54,False,280,"{'point': 28, 'energizer': 0}"
10,55,True,-220,"{'point': 28, 'energizer': 0}"
11,0,False,0,"{'point': 0, 'energizer': 0}"
11,0,False,10,"{'point': 1, 'energizer': 0}"
11,1,False,20,"{'point': 2, 'energizer': 0}"
11,2,False,30,"{'point': 3, 'energizer': 0}"
11,3,False,40,"{'point': 4, 'energizer': 0}"
11,4,False,50,"{'point': 5, 'energizer': 0}"
11,5,False,60,"{'point': 6, 'energizer': 0}"
11,6,False,70,"{'point': 7, 'energizer': 0}"
11,7,False,80,"{'point': 8, 'energizer': 0}"
11,8,False,90,"{'point': 9, 'energizer': 0}"
11,9,False,100,"{'point': 10, 'energizer': 0}"
11,10,False,110,"{'point': 11, 'energizer': 0}"
11,11,False,110,"{'point': 11, 'energizer': 0}"
11,12,False,110,"{'point': 11, 'energizer': 0}"
11,13,False,110,"{'point': 11, 'energizer': 0}"
11,14,False,110,"{'point': 11, 'energizer': 0}"
11,15,False,120,"{'point': 12, 'energizer': 0}"
11,16,False,130,"{'point': 13, 'energizer': 0}"
11,17,False,130,"{'point': 13, 'energizer': 0}"
11,18,False,140,"{'point': 14, 'energizer': 0}"
11,19,False,150,"{'point': 15, 'energizer': 0}"
11,20,False,160,"{'point': 16, 'energizer': 0}"
11,21,False,170,"{'point': 17, 'energizer': 0}"
11,22,False,180,"{'point': 18, 'energizer': 0}"
11,23,False,190,"{'point': 19, 'energizer': 0}"
11,24,False,200,"{'point': 20, 'energizer': 0}"
11,25,False,210,"{'point': 21, 'energizer': 0}"
11,26,False,220,"{'point': 22, 'energizer': 0}"
11,27,False,220,"{'point': 22, 'energizer': 0}"
11,28,False,220,"{'point': 22, 'energizer': 0}"
11,29,False,220,"{'point': 22, 'energizer': 0}"
11,30,False,230,"{'point': 23, 'energizer': 0}"
11,31,False,240,"{'point': 24, 'energizer': 0}"
11,32,False,240,"{'point': 24, 'energizer': 0}"
11,33,False,250,"{'point': 25, 'energizer': 0}"
11,34,False,260,"{'point': 26, 'energizer': 0}"
11,35,False,270,"{'point': 27, 'energizer': 0}"
11,36,False,280,"{'point': 28, 'energizer': 0}"
11,37,False,290,"{'point': 29, 'energizer': 0}"
11,38,False,300,"{'point': 30, 'energizer': 0}"
11,39,False,310,"{'point': 31, 'energizer': 0}"
11,40,False,320,"{'point': 32, 'energizer': 0}"
11,41,False,370,"{'point': 32, 'energizer': 1}"
11,42,False,380,"{'point': 33, 'energizer': 1}"
11,43,False,390,"{'point': 34, 'energizer': 1}"
11,44,False,400,"{'point': 35, 'energizer': 1}"
11,45,False,400,"{'point': 35, 'energizer': 1}"
11,46,False,400,"{'point': 35, 'energizer': 1}"
11,47,False,400,"{'point': 35, 'energizer': 1}"
11,48,False,400,"{'point': 35, 'energizer': 1}"
11,49,False,400,"{'point': 35, 'energizer': 1}"
11,50,False,400,"{'point': 35, 'energizer': 1}"
11,51,False,400,"{'point': 35, 'energizer': 1}"
11,52,False,400,"{'point': 35, 'energizer': 1}"
11,53,False,400,"{'point': 35, 'energizer': 1}"
11,54,False,400,"{'point': 35, 'energizer': 1}"
11,55,False,400,"{'point': 35, 'energizer': 1}"
11,56,False,400,"{'point': 35, 'energizer': 1}"
11,57,False,400,"{'point': 35, 'energizer': 1}"
11,58,False,400,"{'point': 35, 'energizer': 1}"
11,59,False,400,"{'point': 35, 'energizer': 1}"
11,60,False,410,"{'point': 36, 'energizer': 1}"
11,61,False,420,"{'point': 37, 'energizer': 1}"
11,62,False,430,"{'point': 38, 'energizer': 1}"
11,63,False,430,"{'point': 38, 'energizer': 1}"
11,64,False,430,"{'point': 38, 'energizer': 1}"
11,65,False,430,"{'point': 38, 'energizer': 1}"
11,66,False,430,"{'point': 38, 'energizer': 1}"
11,67,False,430,"{'point': 38, 'energizer': 1}"
11,68,False,430,"{'point': 38, 'energizer': 1}"
11,69,False,430,"{'point': 38, 'energizer': 1}"
11,70,False,430,"{'point': 38, 'energizer': 1}"
11,71,False,430,"{'point': 38, 'energizer': 1}"
11,72,False,430,"{'point': 38, 'energizer': 1}"
11,73,False,430,"{'point': 38, 'energizer': 1}"
11,74,False,440,"{'point': 39, 'energizer': 1}"
11,75,False,450,"{'point': 40, 'energizer': 1}"
11,76,False,460,"{'point': 41, 'energizer': 1}"
11,77,False,470,"{'point': 42, 'energizer': 1}"
11,78,False,480,"{'point': 43, 'energizer': 1}"
11,79,False,490,"{'point': 44, 'energizer': 1}"
11,80,False,500,"{'point': 45, 'energizer': 1}"
11,81,False,510,"{'point': 46, 'energizer': 1}"
11,82,False,510,"{'point': 46, 'energizer': 1}"
11,83,False,510,"{'point': 46, 'energizer': 1}"
11,84,False,520,"{'point': 47, 'energizer': 1}"
11,85,False,530,"{'point': 48, 'energizer': 1}"
11,86,False,530,"{'point': 48, 'energizer': 1}"
11,87,False,530,"{'point': 48, 'energizer': 1}"
11,88,False,530,"{'point': 48, 'energizer': 1}"
11,89,False,530,"{'point': 48, 'energizer': 1}"
11,90,False,530,"{'point': 48, 'energizer': 1}"
11,91,False,530,"{'point': 48, 'energizer': 1}"
11,92,False,530,"{'point': 48, 'energizer': 1}"
11,93,False,530,"{'point': 48, 'energizer': 1}"
11,94,True,30,"{'point': 48, 'energizer': 1}"
12,0,False,0,"{'point': 0, 'energizer': 0}"
12,0,False,10,"{'point': 1, 'energizer': 0}"
12,1,False,20,"{'point': 2, 'energizer': 0}"
12,2,False,30,"{'point': 3, 'energizer': 0}"
12,3,False,40,"{'point': 4, 'energizer': 0}"
12,4,False,50,"{'point': 5, 'energizer': 0}"
12,5,False,60,"{'point': 6, 'energizer': 0}"
12,6,False,70,"{'point': 7, 'energizer': 0}"
12,7,False,80,"{'point': 8, 'energizer': 0}"
12,8,False,90,"{'point': 9, 'energizer': 0}"
12,9,False,100,"{'point': 10, 'energizer': 0}"
12,10,False,110,"{'point': 11, 'energizer': 0}"
12,11,False,120,"{'point': 12, 'energizer': 0}"
12,12,False,120,"{'point': 12, 'energizer': 0}"
12,13,False,130,"{'point': 13, 'energizer': 0}"
12,14,False,140,"{'point': 14, 'energizer': 0}"
12,15,False,140,"{'point': 14, 'energizer': 0}"
12,16,False,150,"{'point': 15, 'energizer': 0}"
12,17,False,160,"{'point': 16, 'energizer': 0}"
12,18,False,170,"{'point': 17, 'energizer': 0}"
12,19,False,170,"{'point': 17, 'energizer': 0}"
12,20,False,170,"{'point': 17, 'energizer': 0}"
12,21,False,180,"{'point': 18, 'energizer': 0}"
12,22,False,180,"{'point': 18, 'energizer': 0}"
12,23,False,180,"{'point': 18, 'energizer': 0}"
12,24,False,180,"{'point': 18, 'energizer': 0}"
12,25,True,-310,"{'point': 19, 'energizer': 0}"
13,0,False,0,"{'point': 0, 'energizer': 0}"
13,0,False,10,"{'point': 1, 'energizer': 0}"
13,1,False,20,"{'point': 2, 'energizer': 0}"
13,2,False,30,"{'point': 3, 'energizer': 0}"
13,3,False,40,"{'point': 4, 'energizer': 0}"
13,4,False,40,"{'point': 4, 'energizer': 0}"
13,5,False,40,"{'point': 4, 'energizer': 0}"
13,6,False,40,"{'point': 4, 'energizer': 0}"
13,7,False,40,"{'point': 4, 'energizer': 0}"
13,8,False,50,"{'point': 5, 'energizer': 0}"
13,9,False,60,"{'point': 6, 'energizer': 0}"
13,10,False,70,"{'point': 7, 'energizer': 0}"
13,11,False,80,"{'point': 8, 'energizer': 0}"
13,12,False,90,"{'point': 9, 'energizer': 0}"
13,13,False,100,"{'point': 10, 'energizer': 0}"
13,14,False,110,"{'point': 11, 'energizer': 0}"
13,15,False,110,"{'point': 11, 'energizer': 0}"
13,16,False,110,"{'point': 11, 'energizer': 0}"
13,17,False,110,"{'point': 11, 'energizer': 0}"
13,18,False,110,"{'point': 11, 'energizer': 0}"
13,19,False,110,"{'point': 11, 'energizer': 0}"
13,20,False,110,"{'point': 11, 'energizer': 0}"
13,21,False,110,"{'point': 11, 'energizer': 0}"
13,22,False,110,"{'point': 11, 'energizer': 0}"
13,23,False,110,"{'point': 11, 'energizer': 0}"
13,24,False,110,"{'point': 11, 'energizer': 0}"
13,25,False,110,"{'point': 11, 'energizer': 0}"
13,26,False,110,"{'point': 11, 'energizer': 0}"
13,27,False,110,"{'point': 11, 'energizer': 0}"
13,28,False,120,"{'point': 12, 'energizer': 0}"
13,29,False,120,"{'point': 12, 'energizer': 0}"
13,30,False,120,"{'point': 12, 'energizer': 0}"
13,31,False,130,"{'point': 13, 'energizer': 0}"
13,32,False,140,"{'point': 14, 'energizer': 0}"
13,33,False,150,"{'point': 15, 'energizer': 0}"
13,34,False,160,"{'point': 16, 'energizer': 0}"
13,35,False,160,"{'point': 16, 'energizer': 0}"
13,36,False,170,"{'point': 17, 'energizer': 0}"
13,37,False,180,"{'point': 18, 'energizer': 0}"
13,38,False,190,"{'point': 19, 'energizer': 0}"
13,39,False,200,"{'point': 20, 'energizer': 0}"
13,40,False,210,"{'point': 21, 'energizer': 0}"
13,41,False,210,"{'point': 21, 'energizer': 0}"
13,42,False,210,"{'point': 21, 'energizer': 0}"
13,43,False,210,"{'point': 21, 'energizer': 0}"
13,44,False,210,"{'point': 21, 'energizer': 0}"
13,45,False,210,"{'point': 21, 'energizer': 0}"
13,46,False,210,"{'point': 21, 'energizer': 0}"
13,47,False,210,"{'point': 21, 'energizer': 0}"
13,48,False,220,"{'point': 22, 'energizer': 0}"
13,49,False,230,"{'point': 23, 'energizer': 0}"
13,50,True,-270,"{'point': 23, 'energizer': 0}"
14,0,False,0,"{'point': 0, 'energizer': 0}"
14,0,False,10,"{'point': 1, 'energizer': 0}"
14,1,False,20,"{'point': 2, 'energizer': 0}"
14,2,False,30,"{'point': 3, 'energizer': 0}"
14,3,False,40,"{'point': 4, 'energizer': 0}"
14,4,False,50,"{'point': 5, 'energizer': 0}"
14,5,False,60,"{'point': 6, 'energizer': 0}"
14,6,False,70,"{'point': 7, 'energizer': 0}"
14,7,False,80,"{'point': 8, 'energizer': 0}"
14,8,False,90,"{'point': 9, 'energizer': 0}"
14,9,False,90,"{'point': 9, 'energizer': 0}"
14,10,False,90,"{'point': 9, 'energizer': 0}"
14,11,False,90,"{'point': 9, 'energizer': 0}"
14,12,False,90,"{'point': 9, 'energizer': 0}"
14,13,False,100,"{'point': 10, 'energizer': 0}"
14,14,False,110,"{'point': 11, 'energizer': 0}"
14,15,False,120,"{'point': 12, 'energizer': 0}"
14,16,False,130,"{'point': 13, 'energizer': 0}"
14,17,False,140,"{'point': 14, 'energizer': 0}"
14,18,False,150,"{'point': 15, 'energizer': 0}"
14,19,False,160,"{'point': 16, 'energizer': 0}"
14,20,False,170,"{'point': 17, 'energizer': 0}"
14,21,False,180,"{'point': 18, 'energizer': 0}"
14,22,False,190,"{'point': 19, 'energizer': 0}"
14,23,False,200,"{'point': 20, 'energizer': 0}"
14,24,False,210,"{'point': 21, 'energizer': 0}"
14,25,False,220,"{'point': 22, 'energizer': 0}"
14,26,False,230,"{'point': 23, 'energizer': 0}"
14,27,False,240,"{'point': 24, 'energizer': 0}"
14,28,False,250,"{'point': 25, 'energizer': 0}"
14,29,False,260,"{'point': 26, 'energizer': 0}"
14,30,False,310,"{'point': 26, 'energizer': 1}"
14,31,False,320,"{'point': 27, 'energizer': 1}"
14,32,False,330,"{'point': 28, 'energizer': 1}"
14,33,False,340,"{'point': 29, 'energizer': 1}"
14,34,False,350,"{'point': 30, 'energizer': 1}"
14,35,False,360,"{'point': 31, 'energizer': 1}"
14,36,False,360,"{'point': 31, 'energizer': 1}"
14,37,False,360,"{'point': 31, 'energizer': 1}"
14,38,False,360,"{'point': 31, 'energizer': 1}"
14,39,False,360,"{'point': 31, 'energizer': 1}"
14,40,False,360,"{'point': 31, 'energizer': 1}"
14,41,False,360,"{'point': 31, 'energizer': 1}"
14,42,False,360,"{'point': 31, 'energizer': 1}"
14,43,False,360,"{'point': 31, 'energizer': 1}"
14,44,False,360,"{'point': 31, 'energizer': 1}"
14,45,False,360,"{'point': 31, 'energizer': 1}"
14,46,False,360,"{'point': 31, 'energizer': 1}"
14,47,False,360,"{'point': 31, 'energizer': 1}"
14,48,False,370,"{'point': 32, 'energizer': 1}"
14,49,False,380,"{'point': 33, 'energizer': 1}"
14,50,False,390,"{'point': 34, 'energizer': 1}"
14,51,False,390,"{'point': 34, 'energizer': 1}"
14,52,False,390,"{'point': 34, 'energizer': 1}"
14,53,False,390,"{'point': 34, 'energizer': 1}"
14,54,False,390,"{'point': 34, 'energizer': 1}"
14,55,False,390,"{'point': 34, 'energizer': 1}"
14,56,False,390,"{'point': 34, 'energizer': 1}"
14,57,False,400,"{'point': 35, 'energizer': 1}"
14,58,False,410,"{'point': 36, 'energizer': 1}"
14,59,False,410,"{'point': 36, 'energizer': 1}"
14,60,False,410,"{'point': 36, 'energizer': 1}"
14,61,False,410,"{'point': 36, 'energizer': 1}"
14,62,False,410,"{'point': 36, 'energizer': 1}"
14,63,False,420,"{'point': 37, 'energizer': 1}"
14,64,True,-70,"{'point': 38, 'energizer': 1}"
15,0,False,0,"{'point': 0, 'energizer': 0}"
15,0,False,10,"{'point': 1, 'energizer': 0}"
15,1,False,20,"{'point': 2, 'energizer': 0}"
15,2,False,30,"{'point': 3, 'energizer': 0}"
15,3,False,30,"{'point': 3, 'energizer': 0}"
15,4,False,40,"{'point': 4, 'energizer': 0}"
15,5,False,50,"{'point': 5, 'energizer': 0}"
15,6,False,60,"{'point': 6, 'energizer': 0}"
15,7,False,70,"{'point': 7, 'energizer': 0}"
15,8,False,80,"{'point': 8, 'energizer': 0}"
15,9,False,90,"{'point': 9, 'energizer': 0}"
15,10,False,100,"{'point': 10, 'energizer': 0}"
15,11,False,110,"{'point': 11, 'energizer': 0}"
15,12,False,120,"{'point': 12, 'energizer': 0}"
15,13,False,130,"{'point': 13, 'energizer': 0}"
15,14,False,140,"{'point': 14, 'energizer': 0}"
15,15,False,150,"{'point': 15, 'energizer': 0}"
15,16,False,160,"{'point': 16, 'energizer': 0}"
15,17,False,160,"{'point': 16, 'energizer': 0}"
15,18,False,170,"{'point': 17, 'energizer': 0}"
15,19,False,180,"{'point': 18, 'energizer': 0}"
15,20,False,190,"{'point': 19, 'energizer': 0}"
15,21,False,200,"{'point': 20, 'energizer': 0}"
15,22,False,200,"{'point': 20, 'energizer': 0}"
15,23,False,210,"{'point': 21, 'energizer': 0}"
15,24,False,220,"{'point': 22, 'energizer': 0}"
15,25,False,230,"{'point': 23, 'energizer': 0}"
15,26,False,240,"{'point': 24, 'energizer': 0}"
15,27,False,250,"{'point': 25, 'energizer': 0}"
15,28,False,260,"{'point': 26, 'energizer': 0}"
15,29,False,260,"{'point': 26, 'energizer': 0}"
15,30,False,260,"{'point': 26, 'energizer': 0}"
15,31,False,260,"{'point': 26, 'energizer': 0}"
15,32,False,260,"{'point': 26, 'energizer': 0}"
15,33,False,260,"{'point': 26, 'energizer': 0}"
15,34,False,260,"{'point': 26, 'energizer': 0}"
15,35,False,270,"{'point': 27, 'energizer': 0}"
15,36,False,270,"{'point': 27, 'energizer': 0}"
15,37,False,270,"{'point': 27, 'energizer': 0}"
15,38,False,270,"{'point': 27, 'energizer': 0}"
15,39,False,270,"{'point': 27, 'energizer': 0}"
15,40,False,270,"{'point': 27, 'energizer': 0}"
15,41,False,280,"{'point': 28, 'energizer': 0}"
15,42,False,280,"{'point': 28, 'energizer': 0}"
15,43,False,280,"{'point': 28, 'energizer': 0}"
15,44,False,280,"{'point': 28, 'energizer': 0}"
15,45,False,290,"{'point': 29, 'energizer': 0}"
15,46,False,300,"{'point': 30, 'energizer': 0}"
15,47,False,310,"{'point': 31, 'energizer': 0}"
15,48,False,320,"{'point': 32, 'energizer': 0}"
15,49,False,330,"{'point': 33, 'energizer': 0}"
15,50,False,340,"{'point': 34, 'energizer': 0}"
15,51,False,350,"{'point': 35, 'energizer': 0}"
15,52,False,360,"{'point': 36, 'energizer': 0}"
15,53,False,370,"{'point': 37, 'energizer': 0}"
15,54,False,380,"{'point': 38, 'energizer': 0}"
15,55,False,390,"{'point': 39, 'energizer': 0}"
15,56,False,400,"{'point': 40, 'energizer': 0}"
15,57,False,400,"{'point': 40, 'energizer': 0}"
15,58,False,410,"{'point': 41, 'energizer': 0}"
15,59,False,420,"{'point': 42, 'energizer': 0}"
15,60,False,430,"{'point': 43, 'energizer': 0}"
15,61,True,-70,"{'point': 43, 'energizer': 0}"
16,0,False,0,"{'point': 0, 'energizer': 0}"
16,0,False,10,"{'point': 1, 'energizer': 0}"
16,1,False,20,"{'point': 2, 'energizer': 0}"
16,2,False,30,"{'point': 3, 'energizer': 0}"
16,3,False,40,"{'point': 4, 'energizer': 0}"
16,4,False,50,"{'point': 5, 'energizer': 0}"
16,5,False,50,"{'point': 5, 'energizer': 0}"
16,6,False,50,"{'point': 5, 'energizer': 0}"
16,7,False,50,"{'point': 5, 'energizer': 0}"
16,8,False,60,"{'point': 6, 'energizer': 0}"
16,9,False,60,"{'point': 6, 'energizer': 0}"
16,10,False,60,"{'point': 6, 'energizer': 0}"
16,11,False,70,"{'point': 7, 'energizer': 0}"
16,12,False,80,"{'point': 8, 'energizer': 0}"
16,13,False,90,"{'point': 9, 'energizer': 0}"
16,14,False,100,"{'point': 10, 'energizer': 0}"
16,15,False,110,"{'point': 11, 'energizer': 0}"
16,16,False,120,"{'point': 12, 'energizer': 0}"
16,17,False,130,"{'point': 13, 'energizer': 0}"
16,18,False,140,"{'point': 14, 'energizer': 0}"
16,19,False,150,"{'point': 15, 'energizer': 0}"
16,20,False,160,"{'point': 16, 'energizer': 0}"
16,21,False,170,"{'point': 17, 'energizer': 0}"
16,22,False,180,"{'point': 18, 'energizer': 0}"
16,23,False,180,"{'point': 18, 'energizer': 0}"
16,24,False,180,"{'point': 18, 'energizer': 0}"
16,25,False,190,"{'point': 19, 'energizer': 0}"
16,26,False,200,"{'point': 20, 'energizer': 0}"
16,27,False,210,"{'point': 21, 'energizer': 0}"
16,28,False,220,"{'point': 22, 'energizer': 0}"
16,29,False,230,"{'point': 23, 'energizer': 0}"
16,30,False,240,"{'point': 24, 'energizer': 0}"
16,31,True,-260,"{'point': 24, 'energizer': 0}"
17,0,False,0,"{'point': 0, 'energizer': 0}"
17,0,False,10,"{'point': 1, 'energizer': 0}"
17,1,False,20,"{'point': 2, 'energizer': 0}"
17,2,False,30,"{'point': 3, 'energizer': 0}"
17,3,False,30,"{'point': 3, 'energizer': 0}"
17,4,False,40,"{'point': 4, 'energizer': 0}"
17,5,False,50,"{'point': 5, 'energizer': 0}"
17,6,False,60,"{'point': 6, 'energizer': 0}"
17,7,False,70,"{'point': 7, 'energizer': 0}"
17,8,False,80,"{'point': 8, 'energizer': 0}"
17,9,False,90,"{'point': 9, 'energizer': 0}"
17,10,False,100,"{'point': 10, 'energizer': 0}"
17,11,False,110,"{'point': 11, 'energizer': 0}"
17,12,False,120,"{'point': 12, 'energizer': 0}"
17,13,False,130,"{'point': 13, 'energizer': 0}"
17,14,False,140,"{'point': 14, 'energizer': 0}"
17,15,False,140,"{'point': 14, 'energizer': 0}"
17,16,False,140,"{'point': 14, 'energizer': 0}"
17,17,False,140,"{'point': 14, 'energizer': 0}"
17,18,False,140,"{'point': 14, 'energizer': 0}"
17,19,False,140,"{'point': 14, 'energizer': 0}"
17,20,False,140,"{'point': 14, 'energizer': 0}"
17,21,False,140,"{'point': 14, 'energizer': 0}"
17,22,False,140,"{'point': 14, 'energizer': 0}"
17,23,False,150,"{'point': 15, 'energizer': 0}"
17,24,False,160,"{'point': 16, 'energizer': 0}"
17,25,False,170,"{'point': 17, 'energizer': 0}"
17,26,False,180,"{'point': 18, 'energizer': 0}"
17,27,False,190,"{'point': 19, 'energizer': 0}"
17,28,False,200,"{'point': 20, 'energizer': 0}"
17,29,False,210,"{'point': 21, 'energizer': 0}"
17,30,False,220,"{'point': 22, 'energizer': 0}"
17,31,False,230,"{'point': 23, 'energizer': 0}"
17,32,False,240,"{'point': 24, 'energizer': 0}"
17,33,False,250,"{'point': 25, 'energizer': 0}"
17,34,False,260,"{'point': 26, 'energizer': 0}"
17,35,False,270,"{'point': 27, 'energizer': 0}"
17,36,False,280,"{'point': 28, 'energizer': 0}"
17,37,False,290,"{'point': 29, 'energizer': 0}"
17,38,False,300,"{'point': 30, 'energizer': 0}"
17,39,False,310,"{'point': 31, 'energizer': 0}"
17,40,False,320,"{'point': 32, 'energizer': 0}"
17,41,False,330,"{'point': 33, 'energizer': 0}"
17,42,False,380,"{'point': 33, 'energizer': 1}"
17,43,False,390,"{'point': 34, 'energizer': 1}"
17,44,False,390,"{'point': 34, 'energizer': 1}"
17,45,False,400,"{'point': 35, 'energizer': 1}"
17,46,False,410,"{'point': 36, 'energizer': 1}"
17,47,False,420,"{'point': 37, 'energizer': 1}"
17,48,False,430,"{'point': 38, 'energizer': 1}"
17,49,False,440,"{'point': 39, 'energizer': 1}"
17,50,False,440,"{'point': 39, 'energizer': 1}"
17,51,False,440,"{'point': 39, 'energizer': 1}"
17,52,False,450,"{'point': 40, 'energizer': 1}"
17,53,False,460,"{'point': 41, 'energizer': 1}"
17,54,False,460,"{'point': 41, 'energizer': 1}"
17,55,False,470,"{'point': 42, 'energizer': 1}"
17,56,False,480,"{'point': 43, 'energizer': 1}"
17,57,False,480,"{'point': 43, 'energizer': 1}"
17,58,False,480,"{'point': 43, 'energizer': 1}"
17,59,False,490,"{'point': 44, 'energizer': 1}"
17,60,False,500,"{'point': 45, 'energizer': 1}"
17,61,False,500,"{'point': 45, 'energizer': 1}"
17,62,False,500,"{'point': 45, 'energizer': 1}"
17,63,False,510,"{'point': 46, 'energizer': 1}"
17,64,False,510,"{'point': 46, 'energizer': 1}"
17,65,False,510,"{'point': 46, 'energizer': 1}"
17,66,False,520,"{'point': 47, 'energizer': 1}"
17,67,False,520,"{'point': 47, 'energizer': 1}"
17,68,False,520,"{'point': 47, 'energizer': 1}"
17,69,False,520,"{'point': 47, 'energizer': 1}"
17,70,False,520,"{'point': 47, 'energizer': 1}"
17,71,False,530,"{'point': 48, 'energizer': 1}"
17,72,False,540,"{'point': 49, 'energizer': 1}"
17,73,False,540,"{'point': 49, 'energizer': 1}"
17,74,False,540,"{'point': 49, 'energizer': 1}"
17,75,False,540,"{'point': 49, 'energizer': 1}"
17,76,False,540,"{'point': 49, 'energizer': 1}"
17,77,False,540,"{'point': 49, 'energizer': 1}"
17,78,False,540,"{'point': 49, 'energizer': 1}"
17,79,False,540,"{'point': 49, 'energizer': 1}"
17,80,False,540,"{'point': 49, 'energizer': 1}"
17,81,False,540,"{'point': 49, 'energizer': 1}"
17,82,False,540,"{'point': 49, 'energizer': 1}"
17,83,False,540,"{'point': 49, 'energizer': 1}"
17,84,False,540,"{'point': 49, 'energizer': 1}"
17,85,False,540,"{'point': 49, 'energizer': 1}"
17,86,False,540,"{'point': 49, 'energizer': 1}"
17,87,False,540,"{'point': 49, 'energizer': 1}"
17,88,False,540,"{'point': 49, 'energizer': 1}"
17,89,False,550,"{'point': 50, 'energizer': 1}"
17,90,False,560,"{'point': 51, 'energizer': 1}"
17,91,False,560,"{'point': 51, 'energizer': 1}"
17,92,False,560,"{'point': 51, 'energizer': 1}"
